timestamp_utc,run_id,host,model,mem_limit,cpu_limit,n_samples,load_time_s,inference_time_s,latency_per_sample_ms,accuracy,precision,recall,f1,roc_auc,peak_rss_kb
2025-08-22T04:47:59.837872Z,cnn_1g_0.5,06f3d19ffdc4,cnn,1g,0.5,24899,10.256651639938354,5.0804221630096436,0.20404121302099054,0.9910036547652517,0.014354066985645933,0.14285714285714285,0.02608695652173913,0.7064053533625043,645520
2025-08-22T04:48:20.582899Z,cnn_1g_1,563c37e7d50e,cnn,1g,1,24899,4.024553298950195,2.484477996826172,0.09978224012314438,0.9910036547652517,0.014354066985645933,0.14285714285714285,0.02608695652173913,0.7064053533625043,645192
2025-08-22T04:48:40.717093Z,cnn_1g_2,2ff26d9e8c19,cnn,1g,2,24899,3.451730966567993,1.6872777938842773,0.06776488187815886,0.9910036547652517,0.014354066985645933,0.14285714285714285,0.02608695652173913,0.7064053533625043,645084
2025-08-22T04:49:18.577135Z,cnn_2g_0.5,d364d1501051,cnn,2g,0.5,24899,8.313751935958862,5.365276336669922,0.21548159912727105,0.9910036547652517,0.014354066985645933,0.14285714285714285,0.02608695652173913,0.7064053533625043,645296
2025-08-22T04:49:41.771039Z,cnn_2g_1,4bc321088295,cnn,2g,1,24899,4.274805068969727,2.5939393043518066,0.10417845312469604,0.9910036547652517,0.014354066985645933,0.14285714285714285,0.02608695652173913,0.7064053533625043,644720
2025-08-22T04:49:59.003431Z,cnn_2g_2,d0b8c2ca285b,cnn,2g,2,24899,3.7592110633850098,1.7465789318084717,0.07014654933163869,0.9910036547652517,0.014354066985645933,0.14285714285714285,0.02608695652173913,0.7064053533625043,644300
2025-08-22T04:46:32.762004Z,cnn_512m_0.5,60fd986c9ef5,cnn,512m,0.5,24899,7.884101629257202,5.375211000442505,0.21588059763213402,0.9910036547652517,0.014354066985645933,0.14285714285714285,0.02608695652173913,0.7064053533625043,647116
2025-08-22T04:46:58.829854Z,cnn_512m_1,9d02aa8e6fc5,cnn,512m,1,24899,4.575027704238892,2.883035659790039,0.11578921481947223,0.9910036547652517,0.014354066985645933,0.14285714285714285,0.02608695652173913,0.7064053533625043,647040
2025-08-22T04:47:23.614639Z,cnn_512m_2,d24611bb7327,cnn,512m,2,24899,6.602564811706543,1.893923282623291,0.07606423079735294,0.9910036547652517,0.014354066985645933,0.14285714285714285,0.02608695652173913,0.7064053533625043,646316
2025-08-22T04:47:32.437168Z,rf_1g_0.5,42658edb71b9,rf,1g,0.5,24899,1.1884829998016357,1.3112881183624268,0.05266428845987497,0.9968271818145307,0.03225806451612903,0.09523809523809523,0.04819277108433735,0.7394753061607309,300828
2025-08-22T04:48:06.315134Z,rf_1g_1,3556e2f788db,rf,1g,1,24899,0.662135124206543,0.7795939445495605,0.03131025119681756,0.9968271818145307,0.03225806451612903,0.09523809523809523,0.04819277108433735,0.7394753061607309,300748
2025-08-22T04:48:28.577613Z,rf_1g_2,26f476cfb1ea,rf,1g,2,24899,0.6135823726654053,0.6206719875335693,0.024927586952631402,0.9968271818145307,0.03225806451612903,0.09523809523809523,0.04819277108433735,0.7394753061607309,300544
2025-08-22T04:48:49.269305Z,rf_2g_0.5,a03a2f2e81fe,rf,2g,0.5,24899,1.2119550704956055,1.3259305953979492,0.05325236336390816,0.9968271818145307,0.03225806451612903,0.09523809523809523,0.04819277108433735,0.7394753061607309,300436
2025-08-22T04:49:24.759400Z,rf_2g_1,25e0d7f1f080,rf,2g,1,24899,0.5630619525909424,0.591510534286499,0.023756397216213466,0.9968271818145307,0.03225806451612903,0.09523809523809523,0.04819277108433735,0.7394753061607309,300396
2025-08-22T04:49:46.788832Z,rf_2g_2,bd229a776469,rf,2g,2,24899,0.5128986835479736,0.6054322719573975,0.024315525601726874,0.9968271818145307,0.03225806451612903,0.09523809523809523,0.04819277108433735,0.7394753061607309,301068
2025-09-09T08:18:44.300934Z,rf_512m_0.5,357f293d0074,rf,512m,0.5,24899,1.7140302658081055,1.276134729385376,0.05125244906965645,0.9968271818145307,0.03225806451612903,0.09523809523809523,0.04819277108433735,0.7394753061607309,300468
2025-08-22T04:46:39.799480Z,rf_512m_1,3c1444c4ca8a,rf,512m,1,24899,0.7902171611785889,0.5908851623535156,0.02373128086885078,0.9968271818145307,0.03225806451612903,0.09523809523809523,0.04819277108433735,0.7394753061607309,300624
2025-08-22T04:47:07.592308Z,rf_512m_2,8a4f9ba4c768,rf,512m,2,24899,0.5740690231323242,0.6354968547821045,0.02552298705900255,0.9968271818145307,0.03225806451612903,0.09523809523809523,0.04819277108433735,0.7394753061607309,300620
2025-08-22T04:47:38.898136Z,xgb_1g_0.5,fbea73587394,xgb,1g,0.5,24899,0.23543667793273926,0.5659770965576172,0.022730916766039486,0.9771878388690309,0.007207207207207207,0.19047619047619047,0.013888888888888888,0.6379685244947726,182288
2025-08-22T04:48:10.536234Z,xgb_1g_1,b83b5be720a0,xgb,1g,1,24899,0.14774441719055176,0.2833702564239502,0.011380788643076034,0.9771878388690309,0.007207207207207207,0.19047619047619047,0.013888888888888888,0.6379685244947726,182216
2025-08-22T04:48:32.301452Z,xgb_1g_2,59a3459db9c1,xgb,1g,2,24899,0.12064886093139648,0.13668584823608398,0.005489611961768906,0.9771878388690309,0.007207207207207207,0.19047619047619047,0.013888888888888888,0.6379685244947726,182200
2025-08-22T04:48:59.074752Z,xgb_2g_0.5,d9b560c6659e,xgb,2g,0.5,24899,0.290316104888916,0.44353652000427246,0.01781342704543445,0.9771878388690309,0.007207207207207207,0.19047619047619047,0.013888888888888888,0.6379685244947726,182024
2025-08-22T04:49:31.458182Z,xgb_2g_1,87a2f013a5b2,xgb,2g,1,24899,0.12615466117858887,0.23294758796691895,0.009355700548894291,0.9771878388690309,0.007207207207207207,0.19047619047619047,0.013888888888888888,0.6379685244947726,182200
2025-08-22T04:49:50.446341Z,xgb_2g_2,84737d7cef1c,xgb,2g,2,24899,0.11509227752685547,0.1355113983154297,0.0054424434039692235,0.9771878388690309,0.007207207207207207,0.19047619047619047,0.013888888888888888,0.6379685244947726,181832
2025-08-22T04:46:44.827895Z,xgb_512m_1,9968b9822bc5,xgb,512m,1,24899,0.26517295837402344,0.3587014675140381,0.01440625999092486,0.9771878388690309,0.007207207207207207,0.19047619047619047,0.013888888888888888,0.6379685244947726,182288
2025-08-22T04:47:11.660027Z,xgb_512m_2,9200572ac5ae,xgb,512m,2,24899,0.1644744873046875,0.13338875770568848,0.005357193369440077,0.9771878388690309,0.007207207207207207,0.19047619047619047,0.013888888888888888,0.6379685244947726,181940
